{"streamflow": [-0.7678212555626731, -0.5347280763404353, -0.6475110721431854, 0.10803312304617622], "tp": [-1.0, -0.5265558045505923, -0.8989121995323321, 0.28418674274170364], "area": [1519.0592455152516, 2031.0667666779414, 1775.0630060965964, 320.0047007266811], "ele_mt_smn": [81.6679512929293, 105.59209248628093, 93.63002188960512, 14.952588245844765], "slp_dg_sav": [26.459792408086415, 101.46837049742417, 63.964081452755295, 46.880361305836104], "sgr_dk_sav": [35.52689407713153, 69.89437715929068, 52.710635618211114, 21.479676926349473], "for_pc_sse": [53.0068040009987, 88.54204820640355, 70.77442610370113, 22.209527628378034], "glc_cl_smj": [2.4, 5.6, 4.0, 2.0], "run_mm_syr": [236.21287726392976, 393.08950353227567, 314.6511903981027, 98.04789141771619], "inu_pc_slt": [5.326787696585166, 20.690931772026122, 13.008859734305643, 9.602590047150597], "cmi_ix_syr": [-10.698390398541736, -9.585836128343313, -10.142113263442525, 0.6953464188740135], "aet_mm_syr": [653.4992435816932, 875.5488701554125, 764.5240568685529, 138.78101660857453], "snw_pc_syr": [0.5761347714110969, 2.030249462735507, 1.303192117073302, 0.9088216820777564], "swc_pc_syr": [77.83598587846146, 80.16464770789122, 79.00031679317634, 1.455413643393598], "gwt_cm_sav": [140.19146029443505, 379.8152494666633, 260.0033548805492, 149.76486823264267], "cly_pc_sav": [20.006731173500388, 20.58023720927662, 20.293484191388504, 0.358441272360146], "dor_pc_pva": [190.10000000000002, 1710.9, 950.5, 950.5]}