{"waterlevel": [-0.0944036647406462, 0.15743457159633562, 0.06259522239591835, 0.10175473484482207], "tp": [-1.0, -0.42021640148553424, -0.8729342158627927, 0.31938401592393495]}