{"streamflow": [0.166602310282088, 0.18204515446545455, 0.1759662282540064, 0.006084235666331094], "tp": [-1.0, -1.0, -0.9896670288640039, 0.07317114182316072]}